part,org_type,measure_id,measure_name,star_level,cell_raw,lo,lo_incl,hi,hi_incl
C,,C01,Breast Cancer Screening,1,< 53 % ,,,53,0
C,,C02,Colorectal Cancer Screening,1,< 53 % ,,,53,0
C,,C03,Annual Flu Vaccine,1,< 61 ,,,61,0
C,,C04,Monitoring Physical Activity,1,< 41 % ,,,41,0
C,,C05,Special Needs Plan (SNP) Care Management,1,< 46 % ,,,46,0
C,,C06,Care for Older Adults – Medication Review,1,< 53 % ,,,53,0
C,,C07,Care for Older Adults – Pain Assessment,1,< 60 % ,,,60,0
C,,C08,Osteoporosis Management in Women who had a Fracture,1,< 27 % ,,,27,0
C,,C09,Diabetes Care – Eye Exam,1,< 57 % ,,,57,0
C,,C10,Diabetes Care – Blood Sugar Controlled,1,< 49 % ,,,49,0
C,,C11,Controlling High Blood Pressure,1,< 69 % ,,,69,0
C,,C12,Reducing the Risk of Falling,1,< 50 % ,,,50,0
C,,C13,Improving Bladder Control,1,< 39 % ,,,39,0
C,,C14,Medication Reconciliation Post-Discharge,1,< 42 % ,,,42,0
C,,C15,Plan All-Cause Readmissions,1,> 14 % ,14,0,,
C,,C16,Statin Therapy for Patients with Cardiovascular Disease,1,< 81 % ,,,81,0
C,,C17,Transitions of Care,1,< 44 % ,,,44,0
C,,C18,Follow-up after Emergency Department Visit for People with Multiple High-Risk Chronic Conditions,1,< 39 % ,,,39,0
C,,C19,Getting Needed Care,1,< 77 ,,,77,0
C,,C20,Getting Appointments and Care Quickly,1,< 80 ,,,80,0
C,,C21,Customer Service,1,< 88 ,,,88,0
C,,C22,Rating of Health Care Quality,1,< 84 ,,,84,0
C,,C23,Rating of Health Plan,1,< 84 ,,,84,0
C,,C24,Care Coordination,1,< 84 ,,,84,0
C,,C25,Complaints about the Health Plan,1,> 1.39 ,1.39,0,,
C,,C26,Members Choosing to Leave the Plan,1,> 36 % ,36,0,,
C,,C27,Health Plan Quality Improvement,1,< -0.179809 ,,,-0.179809,0
C,,C28,Plan Makes Timely Decisions about Appeals,1,< 69 % ,,,69,0
C,,C29,Reviewing Appeals Decisions,1,< 78 % ,,,78,0
C,,C30,Call Center – Foreign Language Interpreter and TTY Availability,1,< 46 %,,,46,0
C,,C01,Breast Cancer Screening,2,>= 53 % to < 67 % ,53,1,67,0
C,,C02,Colorectal Cancer Screening,2,>= 53 % to < 65 % ,53,1,65,0
C,,C03,Annual Flu Vaccine,2,>= 61 to < 65 ,61,1,65,0
C,,C04,Monitoring Physical Activity,2,>= 41 % to < 47 % ,41,1,47,0
C,,C05,Special Needs Plan (SNP) Care Management,2,>= 46 % to < 62 % ,46,1,62,0
C,,C06,Care for Older Adults – Medication Review,2,>= 53 % to < 80 % ,53,1,80,0
C,,C07,Care for Older Adults – Pain Assessment,2,>= 60 % to < 81 % ,60,1,81,0
C,,C08,Osteoporosis Management in Women who had a Fracture,2,>= 27 % to < 39 % ,27,1,39,0
C,,C09,Diabetes Care – Eye Exam,2,>= 57 % to < 70 % ,57,1,70,0
C,,C10,Diabetes Care – Blood Sugar Controlled,2,>= 49 % to < 72 % ,49,1,72,0
C,,C11,Controlling High Blood Pressure,2,>= 69 % to < 74 % ,69,1,74,0
C,,C12,Reducing the Risk of Falling,2,>= 50 % to < 56 % ,50,1,56,0
C,,C13,Improving Bladder Control,2,>= 39 % to < 44 % ,39,1,44,0
C,,C14,Medication Reconciliation Post-Discharge,2,>= 42 % to < 57 % ,42,1,57,0
C,,C15,Plan All-Cause Readmissions,2,> 12 % to <= 14 % ,12,0,14,1
C,,C16,Statin Therapy for Patients with Cardiovascular Disease,2,>= 81 % to < 85 % ,81,1,85,0
C,,C17,Transitions of Care,2,>= 44 % to < 52 % ,44,1,52,0
C,,C18,Follow-up after Emergency Department Visit for People with Multiple High-Risk Chronic Conditions,2,>= 39 % to < 53 % ,39,1,53,0
C,,C19,Getting Needed Care,2,>= 77 to < 79 ,77,1,79,0
C,,C20,Getting Appointments and Care Quickly,2,>= 80 to < 82 ,80,1,82,0
C,,C21,Customer Service,2,>= 88 to < 89 ,88,1,89,0
C,,C22,Rating of Health Care Quality,2,>= 84 to < 85 ,84,1,85,0
C,,C23,Rating of Health Plan,2,>= 84 to < 86 ,84,1,86,0
C,,C24,Care Coordination,2,>= 84 to < 85 ,84,1,85,0
C,,C25,Complaints about the Health Plan,2,> 0.76 to <= 1.39 ,0.76,0,1.39,1
C,,C26,Members Choosing to Leave the Plan,2,> 24 % to <= 36 % ,24,0,36,1
C,,C27,Health Plan Quality Improvement,2,>= -0.179809 to < 0 ,-0.179809,1,0,0
C,,C28,Plan Makes Timely Decisions about Appeals,2,>= 69 % to < 85 % ,69,1,85,0
C,,C29,Reviewing Appeals Decisions,2,>= 78 % to < 92 % ,78,1,92,0
C,,C30,Call Center – Foreign Language Interpreter and TTY Availability,2,>= 46 % to < 69 %,46,1,69,0
C,,C01,Breast Cancer Screening,3,>= 67 % to < 75 % ,67,1,75,0
C,,C02,Colorectal Cancer Screening,3,>= 65 % to < 75 % ,65,1,75,0
C,,C03,Annual Flu Vaccine,3,>= 65 to < 71 ,65,1,71,0
C,,C04,Monitoring Physical Activity,3,>= 47 % to < 52 % ,47,1,52,0
C,,C05,Special Needs Plan (SNP) Care Management,3,>= 62 % to < 76 % ,62,1,76,0
C,,C06,Care for Older Adults – Medication Review,3,>= 80 % to < 92 % ,80,1,92,0
C,,C07,Care for Older Adults – Pain Assessment,3,>= 81 % to < 92 % ,81,1,92,0
C,,C08,Osteoporosis Management in Women who had a Fracture,3,>= 39 % to < 52 % ,39,1,52,0
C,,C09,Diabetes Care – Eye Exam,3,>= 70 % to < 77 % ,70,1,77,0
C,,C10,Diabetes Care – Blood Sugar Controlled,3,>= 72 % to < 84 % ,72,1,84,0
C,,C11,Controlling High Blood Pressure,3,>= 74 % to < 80 % ,74,1,80,0
C,,C12,Reducing the Risk of Falling,3,>= 56 % to < 63 % ,56,1,63,0
C,,C13,Improving Bladder Control,3,>= 44 % to < 48 % ,44,1,48,0
C,,C14,Medication Reconciliation Post-Discharge,3,>= 57 % to < 73 % ,57,1,73,0
C,,C15,Plan All-Cause Readmissions,3,> 10 % to <= 12 % ,10,0,12,1
C,,C16,Statin Therapy for Patients with Cardiovascular Disease,3,>= 85 % to < 88 % ,85,1,88,0
C,,C17,Transitions of Care,3,>= 52 % to < 63 % ,52,1,63,0
C,,C18,Follow-up after Emergency Department Visit for People with Multiple High-Risk Chronic Conditions,3,>= 53 % to < 60 % ,53,1,60,0
C,,C19,Getting Needed Care,3,>= 79 to < 82 ,79,1,82,0
C,,C20,Getting Appointments and Care Quickly,3,>= 82 to < 84 ,82,1,84,0
C,,C21,Customer Service,3,>= 89 to < 91 ,89,1,91,0
C,,C22,Rating of Health Care Quality,3,>= 85 to < 87 ,85,1,87,0
C,,C23,Rating of Health Plan,3,>= 86 to < 88 ,86,1,88,0
C,,C24,Care Coordination,3,>= 85 to < 87 ,85,1,87,0
C,,C25,Complaints about the Health Plan,3,> 0.37 to <= 0.76 ,0.37,0,0.76,1
C,,C26,Members Choosing to Leave the Plan,3,> 17 % to <= 24 % ,17,0,24,1
C,,C27,Health Plan Quality Improvement,3,>= 0 to < 0.174445 ,0,1,0.174445,0
C,,C28,Plan Makes Timely Decisions about Appeals,3,>= 85 % to < 95 % ,85,1,95,0
C,,C29,Reviewing Appeals Decisions,3,>= 92 % to < 96 % ,92,1,96,0
C,,C30,Call Center – Foreign Language Interpreter and TTY Availability,3,>= 69 % to < 93 %,69,1,93,0
C,,C01,Breast Cancer Screening,4,>= 75 % to < 82 % ,75,1,82,0
C,,C02,Colorectal Cancer Screening,4,>= 75 % to < 83 % ,75,1,83,0
C,,C03,Annual Flu Vaccine,4,>= 71 to < 76 ,71,1,76,0
C,,C04,Monitoring Physical Activity,4,>= 52 % to < 60 % ,52,1,60,0
C,,C05,Special Needs Plan (SNP) Care Management,4,>= 76 % to < 89 % ,76,1,89,0
C,,C06,Care for Older Adults – Medication Review,4,>= 92 % to < 98 % ,92,1,98,0
C,,C07,Care for Older Adults – Pain Assessment,4,>= 92 % to < 96 % ,92,1,96,0
C,,C08,Osteoporosis Management in Women who had a Fracture,4,>= 52 % to < 71 % ,52,1,71,0
C,,C09,Diabetes Care – Eye Exam,4,>= 77 % to < 83 % ,77,1,83,0
C,,C10,Diabetes Care – Blood Sugar Controlled,4,>= 84 % to < 90 % ,84,1,90,0
C,,C11,Controlling High Blood Pressure,4,>= 80 % to < 85 % ,80,1,85,0
C,,C12,Reducing the Risk of Falling,4,>= 63 % to < 73 % ,63,1,73,0
C,,C13,Improving Bladder Control,4,>= 48 % to < 52 % ,48,1,52,0
C,,C14,Medication Reconciliation Post-Discharge,4,>= 73 % to < 87 % ,73,1,87,0
C,,C15,Plan All-Cause Readmissions,4,> 8 % to <= 10 % ,8,0,10,1
C,,C16,Statin Therapy for Patients with Cardiovascular Disease,4,>= 88 % to < 92 % ,88,1,92,0
C,,C17,Transitions of Care,4,>= 63 % to < 77 % ,63,1,77,0
C,,C18,Follow-up after Emergency Department Visit for People with Multiple High-Risk Chronic Conditions,4,>= 60 % to < 69 % ,60,1,69,0
C,,C19,Getting Needed Care,4,>= 82 to < 83 ,82,1,83,0
C,,C20,Getting Appointments and Care Quickly,4,>= 84 to < 86 ,84,1,86,0
C,,C21,Customer Service,4,>= 91 to < 92 ,91,1,92,0
C,,C22,Rating of Health Care Quality,4,>= 87 to < 88 ,87,1,88,0
C,,C23,Rating of Health Plan,4,>= 88 to < 89 ,88,1,89,0
C,,C24,Care Coordination,4,>= 87 to < 88 ,87,1,88,0
C,,C25,Complaints about the Health Plan,4,> 0.12 to <= 0.37 ,0.12,0,0.37,1
C,,C26,Members Choosing to Leave the Plan,4,> 8 % to <= 17 % ,8,0,17,1
C,,C27,Health Plan Quality Improvement,4,>= 0.174445 to < 0.421057 ,0.174445,1,0.421057,0
C,,C28,Plan Makes Timely Decisions about Appeals,4,>= 95 % to < 99 % ,95,1,99,0
C,,C29,Reviewing Appeals Decisions,4,>= 96 % to < 99 % ,96,1,99,0
C,,C30,Call Center – Foreign Language Interpreter and TTY Availability,4,>= 93 % to < 100 %,93,1,100,0
C,,C01,Breast Cancer Screening,5,>= 82 % ,82,1,,
C,,C02,Colorectal Cancer Screening,5,>= 83 % ,83,1,,
C,,C03,Annual Flu Vaccine,5,>= 76 ,76,1,,
C,,C04,Monitoring Physical Activity,5,>= 60 % ,60,1,,
C,,C05,Special Needs Plan (SNP) Care Management,5,>= 89 % ,89,1,,
C,,C06,Care for Older Adults – Medication Review,5,>= 98 % ,98,1,,
C,,C07,Care for Older Adults – Pain Assessment,5,>= 96 % ,96,1,,
C,,C08,Osteoporosis Management in Women who had a Fracture,5,>= 71 % ,71,1,,
C,,C09,Diabetes Care – Eye Exam,5,>= 83 % ,83,1,,
C,,C10,Diabetes Care – Blood Sugar Controlled,5,>= 90 % ,90,1,,
C,,C11,Controlling High Blood Pressure,5,>= 85 % ,85,1,,
C,,C12,Reducing the Risk of Falling,5,>= 73 % ,73,1,,
C,,C13,Improving Bladder Control,5,>= 52 % ,52,1,,
C,,C14,Medication Reconciliation Post-Discharge,5,>= 87 % ,87,1,,
C,,C15,Plan All-Cause Readmissions,5,<= 8 % ,,,8,1
C,,C16,Statin Therapy for Patients with Cardiovascular Disease,5,>= 92 % ,92,1,,
C,,C17,Transitions of Care,5,>= 77 % ,77,1,,
C,,C18,Follow-up after Emergency Department Visit for People with Multiple High-Risk Chronic Conditions,5,>= 69 % ,69,1,,
C,,C19,Getting Needed Care,5,>= 83 ,83,1,,
C,,C20,Getting Appointments and Care Quickly,5,>= 86 ,86,1,,
C,,C21,Customer Service,5,>= 92 ,92,1,,
C,,C22,Rating of Health Care Quality,5,>= 88 ,88,1,,
C,,C23,Rating of Health Plan,5,>= 89 ,89,1,,
C,,C24,Care Coordination,5,>= 88 ,88,1,,
C,,C25,Complaints about the Health Plan,5,<= 0.12 ,,,0.12,1
C,,C26,Members Choosing to Leave the Plan,5,<= 8 % ,,,8,1
C,,C27,Health Plan Quality Improvement,5,>= 0.421057 ,0.421057,1,,
C,,C28,Plan Makes Timely Decisions about Appeals,5,>= 99 % ,99,1,,
C,,C29,Reviewing Appeals Decisions,5,>= 99 % ,99,1,,
C,,C30,Call Center – Foreign Language Interpreter and TTY Availability,5,100%,100,1,100,1
D,MA-PD,D01,Call Center – Foreign Language Interpreter and TTY Availability,1,< 40 % ,,,40,0
D,MA-PD,D02,Complaints about the Drug Plan,1,> 1.39 ,1.39,0,,
D,MA-PD,D03,Members Choosing to Leave the Plan,1,> 36 % ,36,0,,
D,MA-PD,D04,Drug Plan Quality Improvement,1,< -0.218869 ,,,-0.218869,0
D,MA-PD,D05,Rating of Drug Plan,1,< 84 ,,,84,0
D,MA-PD,D06,Getting Needed Prescription Drugs,1,< 87 ,,,87,0
D,MA-PD,D07,MPF Price Accuracy,1,< 97 ,,,97,0
D,MA-PD,D08,Medication Adherence for Diabetes Medications,1,< 80 % ,,,80,0
D,MA-PD,D09,Medication Adherence for Hypertension (RAS antagonists),1,< 83 % ,,,83,0
D,MA-PD,D10,Medication Adherence for Cholesterol (Statins),1,< 80 % ,,,80,0
D,MA-PD,D11,MTM Program Completion Rate for CMR,1,< 57 % ,,,57,0
D,MA-PD,D12,Statin Use in Persons with Diabetes (SUPD),1,< 81 %,,,81,0
D,MA-PD,D01,Call Center – Foreign Language Interpreter and TTY Availability,2,>= 40 % to < 74 % ,40,1,74,0
D,MA-PD,D02,Complaints about the Drug Plan,2,> 0.76 to <= 1.39 ,0.76,0,1.39,1
D,MA-PD,D03,Members Choosing to Leave the Plan,2,> 24 % to <= 36 % ,24,0,36,1
D,MA-PD,D04,Drug Plan Quality Improvement,2,>= -0.218869 to < 0 ,-0.218869,1,0,0
D,MA-PD,D05,Rating of Drug Plan,2,>= 84 to < 86 ,84,1,86,0
D,MA-PD,D06,Getting Needed Prescription Drugs,2,>= 87 to < 88 ,87,1,88,0
D,MA-PD,D07,MPF Price Accuracy,2,>= 97 to < 98 ,97,1,98,0
D,MA-PD,D08,Medication Adherence for Diabetes Medications,2,>= 80 % to < 85 % ,80,1,85,0
D,MA-PD,D09,Medication Adherence for Hypertension (RAS antagonists),2,>= 83 % to < 87 % ,83,1,87,0
D,MA-PD,D10,Medication Adherence for Cholesterol (Statins),2,>= 80 % to < 85 % ,80,1,85,0
D,MA-PD,D11,MTM Program Completion Rate for CMR,2,>= 57 % to < 77 % ,57,1,77,0
D,MA-PD,D12,Statin Use in Persons with Diabetes (SUPD),2,>= 81 % to < 86 %,81,1,86,0
D,MA-PD,D01,Call Center – Foreign Language Interpreter and TTY Availability,3,>= 74 % to < 90 % ,74,1,90,0
D,MA-PD,D02,Complaints about the Drug Plan,3,> 0.37 to <= 0.76 ,0.37,0,0.76,1
D,MA-PD,D03,Members Choosing to Leave the Plan,3,> 17 % to <= 24 % ,17,0,24,1
D,MA-PD,D04,Drug Plan Quality Improvement,3,>= 0 to < 0.242468 ,0,1,0.242468,0
D,MA-PD,D05,Rating of Drug Plan,3,>= 86 to < 87 ,86,1,87,0
D,MA-PD,D06,Getting Needed Prescription Drugs,3,>= 88 to < 90 ,88,1,90,0
D,MA-PD,D07,MPF Price Accuracy,3,>= 98 to < 99 ,98,1,99,0
D,MA-PD,D08,Medication Adherence for Diabetes Medications,3,>= 85 % to < 87 % ,85,1,87,0
D,MA-PD,D09,Medication Adherence for Hypertension (RAS antagonists),3,>= 87 % to < 90 % ,87,1,90,0
D,MA-PD,D10,Medication Adherence for Cholesterol (Statins),3,>= 85 % to < 89 % ,85,1,89,0
D,MA-PD,D11,MTM Program Completion Rate for CMR,3,>= 77 % to < 89 % ,77,1,89,0
D,MA-PD,D12,Statin Use in Persons with Diabetes (SUPD),3,>= 86 % to < 89 %,86,1,89,0
D,MA-PD,D01,Call Center – Foreign Language Interpreter and TTY Availability,4,>= 90 % to < 100 % ,90,1,100,0
D,MA-PD,D02,Complaints about the Drug Plan,4,> 0.12 to <= 0.37 ,0.12,0,0.37,1
D,MA-PD,D03,Members Choosing to Leave the Plan,4,> 8 % to <= 17 % ,8,0,17,1
D,MA-PD,D04,Drug Plan Quality Improvement,4,>= 0.242468 to < 0.496603 ,0.242468,1,0.496603,0
D,MA-PD,D05,Rating of Drug Plan,4,>= 87 to < 89 ,87,1,89,0
D,MA-PD,D06,Getting Needed Prescription Drugs,4,>= 90 to < 91 ,90,1,91,0
D,MA-PD,D07,MPF Price Accuracy,4,>= 99 to < 100 ,99,1,100,0
D,MA-PD,D08,Medication Adherence for Diabetes Medications,4,>= 87 % to < 91 % ,87,1,91,0
D,MA-PD,D09,Medication Adherence for Hypertension (RAS antagonists),4,>= 90 % to < 92 % ,90,1,92,0
D,MA-PD,D10,Medication Adherence for Cholesterol (Statins),4,>= 89 % to < 93 % ,89,1,93,0
D,MA-PD,D11,MTM Program Completion Rate for CMR,4,>= 89 % to < 93 % ,89,1,93,0
D,MA-PD,D12,Statin Use in Persons with Diabetes (SUPD),4,>= 89 % to < 93 %,89,1,93,0
D,MA-PD,D01,Call Center – Foreign Language Interpreter and TTY Availability,5,100%,100,1,100,1
D,MA-PD,D02,Complaints about the Drug Plan,5,<= 0.12 ,,,0.12,1
D,MA-PD,D03,Members Choosing to Leave the Plan,5,<= 8 % ,,,8,1
D,MA-PD,D04,Drug Plan Quality Improvement,5,>= 0.496603 ,0.496603,1,,
D,MA-PD,D05,Rating of Drug Plan,5,>= 89 ,89,1,,
D,MA-PD,D06,Getting Needed Prescription Drugs,5,>= 91 ,91,1,,
D,MA-PD,D07,MPF Price Accuracy,5,>= 100 ,100,1,,
D,MA-PD,D08,Medication Adherence for Diabetes Medications,5,>= 91 % ,91,1,,
D,MA-PD,D09,Medication Adherence for Hypertension (RAS antagonists),5,>= 92 % ,92,1,,
D,MA-PD,D10,Medication Adherence for Cholesterol (Statins),5,>= 93 % ,93,1,,
D,MA-PD,D11,MTM Program Completion Rate for CMR,5,>= 93 % ,93,1,,
D,MA-PD,D12,Statin Use in Persons with Diabetes (SUPD),5,>= 93 %,93,1,,
D,PDP,D01,Call Center – Foreign Language Interpreter and TTY Availability,1,< 70 % ,,,70,0
D,PDP,D02,Complaints about the Drug Plan,1,> 0.32 ,0.32,0,,
D,PDP,D03,Members Choosing to Leave the Plan,1,> 22 % ,22,0,,
D,PDP,D04,Drug Plan Quality Improvement,1,< -0.2825 ,,,-0.2825,0
D,PDP,D05,Rating of Drug Plan,1,< 79 ,,,79,0
D,PDP,D06,Getting Needed Prescription Drugs,1,< 86 ,,,86,0
D,PDP,D07,MPF Price Accuracy,1,< 97 ,,,97,0
D,PDP,D08,Medication Adherence for Diabetes Medications,1,< 85 % ,,,85,0
D,PDP,D09,Medication Adherence for Hypertension (RAS antagonists),1,< 87 % ,,,87,0
D,PDP,D10,Medication Adherence for Cholesterol (Statins),1,< 86 % ,,,86,0
D,PDP,D11,MTM Program Completion Rate for CMR,1,< 30 % ,,,30,0
D,PDP,D12,Statin Use in Persons with Diabetes (SUPD),1,< 80 %,,,80,0
D,PDP,D01,Call Center – Foreign Language Interpreter and TTY Availability,2,>= 70 % to < 85 % ,70,1,85,0
D,PDP,D02,Complaints about the Drug Plan,2,> 0.2 to <= 0.32 ,0.2,0,0.32,1
D,PDP,D03,Members Choosing to Leave the Plan,2,> 16 % to <= 22 % ,16,0,22,1
D,PDP,D04,Drug Plan Quality Improvement,2,>= -0.2825 to < 0 ,-0.2825,1,0,0
D,PDP,D05,Rating of Drug Plan,2,>= 79 to < 82 ,79,1,82,0
D,PDP,D06,Getting Needed Prescription Drugs,2,>= 86 to < 87 ,86,1,87,0
D,PDP,D07,MPF Price Accuracy,2,>= 97 to < 98 ,97,1,98,0
D,PDP,D08,Medication Adherence for Diabetes Medications,2,>= 85 % to < 87 % ,85,1,87,0
D,PDP,D09,Medication Adherence for Hypertension (RAS antagonists),2,>= 87 % to < 89 % ,87,1,89,0
D,PDP,D10,Medication Adherence for Cholesterol (Statins),2,>= 86 % to < 88 % ,86,1,88,0
D,PDP,D11,MTM Program Completion Rate for CMR,2,>= 30 % to < 55 % ,30,1,55,0
D,PDP,D12,Statin Use in Persons with Diabetes (SUPD),2,>= 80 % to < 83 %,80,1,83,0
D,PDP,D01,Call Center – Foreign Language Interpreter and TTY Availability,3,>= 85 % to < 98 % ,85,1,98,0
D,PDP,D02,Complaints about the Drug Plan,3,> 0.11 to <= 0.2 ,0.11,0,0.2,1
D,PDP,D03,Members Choosing to Leave the Plan,3,> 9 % to <= 16 % ,9,0,16,1
D,PDP,D04,Drug Plan Quality Improvement,3,>= 0 to < 0.273334 ,0,1,0.273334,0
D,PDP,D05,Rating of Drug Plan,3,>= 82 to < 85 ,82,1,85,0
D,PDP,D06,Getting Needed Prescription Drugs,3,>= 87 to < 89 ,87,1,89,0
D,PDP,D07,MPF Price Accuracy,3,>= 98 to < 99 ,98,1,99,0
D,PDP,D08,Medication Adherence for Diabetes Medications,3,>= 87 % to < 89 % ,87,1,89,0
D,PDP,D09,Medication Adherence for Hypertension (RAS antagonists),3,>= 89 % to < 90 % ,89,1,90,0
D,PDP,D10,Medication Adherence for Cholesterol (Statins),3,>= 88 % to < 89 % ,88,1,89,0
D,PDP,D11,MTM Program Completion Rate for CMR,3,>= 55 % to < 68 % ,55,1,68,0
D,PDP,D12,Statin Use in Persons with Diabetes (SUPD),3,>= 83 % to < 85 %,83,1,85,0
D,PDP,D01,Call Center – Foreign Language Interpreter and TTY Availability,4,>= 98 % to < 100 % ,98,1,100,0
D,PDP,D02,Complaints about the Drug Plan,4,> 0.04 to <= 0.11 ,0.04,0,0.11,1
D,PDP,D03,Members Choosing to Leave the Plan,4,> 5 % to <= 9 % ,5,0,9,1
D,PDP,D04,Drug Plan Quality Improvement,4,>= 0.273334 to < 0.576667 ,0.273334,1,0.576667,0
D,PDP,D05,Rating of Drug Plan,4,>= 85 to < 87 ,85,1,87,0
D,PDP,D06,Getting Needed Prescription Drugs,4,>= 89 to < 90 ,89,1,90,0
D,PDP,D07,MPF Price Accuracy,4,>= 99 to < 100 ,99,1,100,0
D,PDP,D08,Medication Adherence for Diabetes Medications,4,>= 89 % to < 93 % ,89,1,93,0
D,PDP,D09,Medication Adherence for Hypertension (RAS antagonists),4,>= 90 % to < 92 % ,90,1,92,0
D,PDP,D10,Medication Adherence for Cholesterol (Statins),4,>= 89 % to < 92 % ,89,1,92,0
D,PDP,D11,MTM Program Completion Rate for CMR,4,>= 68 % to < 80 % ,68,1,80,0
D,PDP,D12,Statin Use in Persons with Diabetes (SUPD),4,>= 85 % to < 87 %,85,1,87,0
D,PDP,D01,Call Center – Foreign Language Interpreter and TTY Availability,5,100%,100,1,100,1
D,PDP,D02,Complaints about the Drug Plan,5,<= 0.04 ,,,0.04,1
D,PDP,D03,Members Choosing to Leave the Plan,5,<= 5 % ,,,5,1
D,PDP,D04,Drug Plan Quality Improvement,5,>= 0.576667 ,0.576667,1,,
D,PDP,D05,Rating of Drug Plan,5,>= 87 ,87,1,,
D,PDP,D06,Getting Needed Prescription Drugs,5,>= 90 ,90,1,,
D,PDP,D07,MPF Price Accuracy,5,>= 100 ,100,1,,
D,PDP,D08,Medication Adherence for Diabetes Medications,5,>= 93 % ,93,1,,
D,PDP,D09,Medication Adherence for Hypertension (RAS antagonists),5,>= 92 % ,92,1,,
D,PDP,D10,Medication Adherence for Cholesterol (Statins),5,>= 92 % ,92,1,,
D,PDP,D11,MTM Program Completion Rate for CMR,5,>= 80 % ,80,1,,
D,PDP,D12,Statin Use in Persons with Diabetes (SUPD),5,>= 87 %,87,1,,
