contract_id,overall_jul22_raw
E3014,Not Applicable
H0028,3.5
H0029,Not enough data available
H0034,3.5
H0062,Not enough data available
H0074,3.5
H0104,4
H0107,3.5
H0111,3.5
H0154,4.5
H0169,4
H0174,4
H0251,3.5
H0270,Not enough data available
H0292,4
H0294,3.5
H0302,4.5
H0321,3.5
H0332,4.5
H0342,4
H0351,3.5
H0354,3.5
H0363,Not enough data available
H0413,Plan too new to be measured
H0421,Plan too new to be measured
H0423,4
H0432,4
H0439,3.5
H0473,3.5
H0504,4
H0523,3
H0524,4.5
H0543,4
H0544,3
H0562,3.5
H0571,3
H0609,4.5
H0624,4
H0628,4
H0629,Plan too new to be measured
H0630,4.5
H0672,3
H0710,4.5
H0712,3.5
H0724,Not enough data available
H0738,Not enough data available
H0755,3.5
H0764,Not enough data available
H0777,Plan too new to be measured
H0783,2.5
H0816,Plan too new to be measured
H0885,4
H0907,3
H0908,3
H0913,3.5
H0963,Plan too new to be measured
H0976,4
H0978,4
H0982,4.5
H1019,4.5
H1032,4
H1035,4
H1036,4.5
H1045,4.5
H1099,4.5
H1109,4.5
H1112,3.5
H1119,4
H1170,4.5
H1181,Not Applicable
H1189,3.5
H1206,Not enough data available
H1212,Plan too new to be measured
H1215,3
H1224,3
H1225,3.5
H1230,4.5
H1248,4.5
H1278,3.5
H1280,Not enough data available
H1285,Plan too new to be measured
H1290,5
H1302,Not enough data available
H1304,3.5
H1339,Not enough data available
H1347,3
H1350,3.5
H1360,3
H1365,3.5
H1372,Not enough data available
H1395,3
H1396,Plan too new to be measured
H1416,3
H1423,3
H1468,3.5
H1486,Plan too new to be measured
H1526,Not enough data available
H1537,4.5
H1587,Not enough data available
H1607,3.5
H1608,4
H1609,4.5
H1610,3
H1611,Plan too new to be measured
H1619,Not enough data available
H1644,Not enough data available
H1651,Not Applicable
H1659,3
H1664,3
H1666,3
H1671,Plan too new to be measured
H1692,3.5
H1722,3
H1787,Not enough data available
H1799,3.5
H1822,4.5
H1846,4
H1862,Not enough data available
H1889,4
H1894,3
H1914,3.5
H1947,3.5
H1951,4.5
H1961,4.5
H1969,4
H1993,4
H1994,4.5
H1997,4
H2001,4.5
H2029,Not enough data available
H2032,4
H2034,Not enough data available
H2035,Plan too new to be measured
H2041,Plan too new to be measured
H2056,3
H2108,3
H2117,3
H2126,Plan too new to be measured
H2162,Not enough data available
H2168,3.5
H2172,4.5
H2174,3
H2185,Not enough data available
H2224,4.5
H2225,4
H2226,4
H2230,4.5
H2235,4
H2237,2.5
H2247,3.5
H2256,4
H2261,4.5
H2272,Not enough data available
H2292,4.5
H2293,4
H2320,4.5
H2322,4
H2354,4
H2385,Plan too new to be measured
H2392,4.5
H2400,3
H2406,4
H2416,4
H2417,Not enough data available
H2419,3.5
H2422,3.5
H2425,4
H2441,Plan too new to be measured
H2445,Plan too new to be measured
H2450,3.5
H2456,3
H2458,3
H2459,4
H2461,3.5
H2462,Not enough data available
H2463,3.5
H2478,Not enough data available
H2486,3.5
H2491,3.5
H2509,3.5
H2526,4
H2563,3.5
H2564,Plan too new to be measured
H2593,3.5
H2610,4.5
H2624,4.5
H2628,Plan too new to be measured
H2630,Plan too new to be measured
H2663,4
H2686,3.5
H2687,Plan too new to be measured
H2694,Not enough data available
H2697,4
H2704,Plan too new to be measured
H2715,Not enough data available
H2737,2.5
H2752,Not enough data available
H2775,3
H2802,4
H2816,3.5
H2819,3.5
H2836,3
H2845,Plan too new to be measured
H2853,Not enough data available
H2875,Plan too new to be measured
H2915,3.5
H2923,3.5
H2926,Not enough data available
H2942,4
H2960,5
H2962,4
H3038,3
H3041,Not enough data available
H3048,Plan too new to be measured
H3071,3
H3080,3.5
H3093,Plan too new to be measured
H3113,3.5
H3124,Plan too new to be measured
H3127,Plan too new to be measured
H3138,Not enough data available
H3146,4.5
H3152,4
H3170,Not enough data available
H3186,3.5
H3192,3
H3204,3
H3219,4
H3239,3.5
H3240,3
H3251,2.5
H3256,5
H3259,3.5
H3274,Not enough data available
H3276,Not enough data available
H3288,3.5
H3291,Not enough data available
H3305,4
H3312,3
H3330,4
H3335,3.5
H3344,4.5
H3347,3.5
H3351,4
H3359,4.5
H3362,5
H3379,3.5
H3384,4
H3387,4
H3388,4.5
H3404,4.5
H3407,Not enough data available
H3418,3.5
H3419,Not enough data available
H3443,4
H3447,3.5
H3449,4
H3467,Not enough data available
H3499,3
H3528,3.5
H3533,3
H3536,3.5
H3551,Not enough data available
H3557,4.5
H3561,3.5
H3597,4
H3653,3.5
H3655,4
H3660,4.5
H3664,4.5
H3668,4.5
H3672,3.5
H3706,4
H3708,Not enough data available
H3727,Not enough data available
H3748,3
H3755,4
H3777,3.5
H3794,4
H3800,4
H3805,3.5
H3810,2.5
H3811,3
H3814,2
H3815,4
H3817,3
H3822,3.5
H3828,Not enough data available
H3832,3.5
H3864,3.5
H3868,Plan too new to be measured
H3890,3.5
H3907,4.5
H3909,4
H3916,4.5
H3923,4.5
H3924,4.5
H3928,4
H3931,3
H3949,3
H3952,4
H3954,4.5
H3957,4.5
H3959,4
H3962,4.5
H3975,3
H3979,4
H4003,5
H4004,5
H4005,3.5
H4026,Plan too new to be measured
H4032,Plan too new to be measured
H4036,4
H4045,3.5
H4054,5
H4057,Plan too new to be measured
H4073,3.5
H4091,Not enough data available
H4093,5
H4140,4.5
H4141,4
H4152,4
H4158,Plan too new to be measured
H4161,3
H4172,5
H4193,Plan too new to be measured
H4213,3.5
H4227,4
H4232,Not enough data available
H4279,4
H4286,5
H4329,Plan too new to be measured
H4346,3.5
H4348,Plan too new to be measured
H4371,Plan too new to be measured
H4407,4
H4439,Not enough data available
H4444,Plan too new to be measured
H4461,4
H4471,3
H4473,Plan too new to be measured
H4490,Not enough data available
H4497,4.5
H4499,Plan too new to be measured
H4506,4
H4513,4.5
H4514,4
H4523,4
H4527,4.5
H4537,Not enough data available
H4544,2.5
H4604,4
H4605,3.5
H4610,Plan too new to be measured
H4623,3.5
H4624,2.5
H4647,Plan too new to be measured
H4661,Not enough data available
H4676,3
H4694,Plan too new to be measured
H4704,2.5
H4711,3.5
H4733,3.5
H4739,Not enough data available
H4754,3
H4808,4
H4835,3
H4847,4
H4868,3
H4869,3
H4875,4
H4882,4.5
H4909,3.5
H4931,3.5
H4937,3.5
H4939,Plan too new to be measured
H4961,4
H4982,3
H5008,3.5
H5009,3
H5015,5
H5042,4.5
H5050,4
H5087,3.5
H5106,3.5
H5117,Not enough data available
H5119,Plan too new to be measured
H5141,4.5
H5163,Not enough data available
H5178,Not enough data available
H5190,Not enough data available
H5209,3
H5211,4.5
H5215,4.5
H5216,3.5
H5232,Not enough data available
H5244,Not enough data available
H5253,4
H5256,Not Applicable
H5262,4
H5264,Not Applicable
H5272,Plan too new to be measured
H5273,3.5
H5294,3.5
H5296,5
H5299,5
H5302,4.5
H5314,Plan too new to be measured
H5322,4
H5325,3.5
H5361,2.5
H5374,5
H5377,3.5
H5386,3.5
H5397,Plan too new to be measured
H5410,3.5
H5420,4.5
H5422,3.5
H5425,4
H5427,4.5
H5431,4.5
H5433,3
H5434,3.5
H5435,2.5
H5439,3
H5447,Not enough data available
H5453,Plan too new to be measured
H5454,Not enough data available
H5471,4.5
H5472,4.5
H5475,3
H5496,3.5
H5521,4.5
H5522,4.5
H5525,3.5
H5526,4.5
H5528,Not enough data available
H5533,4.5
H5549,3.5
H5577,5
H5580,3
H5587,3.5
H5590,3.5
H5591,4
H5593,4
H5594,4.5
H5599,3
H5608,3.5
H5619,3
H5628,3
H5644,Not enough data available
H5649,3
H5652,5
H5692,Plan too new to be measured
H5703,Not enough data available
H5718,Plan too new to be measured
H5734,Plan too new to be measured
H5774,4.5
H5779,3
H5793,3.5
H5810,3
H5823,3
H5826,3
H5828,3
H5843,3.5
H5852,4
H5854,3.5
H5859,3.5
H5883,4.5
H5900,3.5
H5926,3
H5928,3.5
H5932,4
H5937,3
H5938,4.5
H5943,Not enough data available
H5945,4.5
H5959,4.5
H5965,2.5
H5969,3.5
H5970,3
H5989,3.5
H5991,3
H5992,Not enough data available
H5995,2.5
H6018,3.5
H6019,3
H6078,3.5
H6130,Not Applicable
H6154,3.5
H6158,3
H6170,Not enough data available
H6200,3.5
H6202,3.5
H6224,Plan too new to be measured
H6237,3.5
H6248,Not enough data available
H6309,Plan too new to be measured
H6316,Not enough data available
H6322,3
H6341,Plan too new to be measured
H6345,Not enough data available
H6348,3
H6351,Not enough data available
H6368,Plan too new to be measured
H6378,Not enough data available
H6379,3
H6396,4.5
H6399,3
H6453,4
H6474,Not enough data available
H6515,Plan too new to be measured
H6529,4
H6545,3.5
H6550,3
H6566,Plan too new to be measured
H6586,3
H6595,3.5
H6622,3.5
H6652,Not enough data available
H6672,2.5
H6706,Not enough data available
H6723,4
H6743,2.5
H6765,4.5
H6776,Not enough data available
H6813,3.5
H6815,3
H6824,Plan too new to be measured
H6832,2.5
H6847,4
H6851,3
H6852,Not enough data available
H6874,3.5
H6876,3
H6891,Not enough data available
H6898,3.5
H6910,4
H6959,Not enough data available
H6971,Plan too new to be measured
H6988,5
H6994,Plan too new to be measured
H7006,2
H7020,4
H7028,4.5
H7063,3.5
H7074,Not enough data available
H7093,3.5
H7115,3.5
H7123,3.5
H7147,4
H7149,3.5
H7151,4
H7199,3.5
H7220,4
H7239,Plan too new to be measured
H7275,Plan too new to be measured
H7284,3.5
H7301,3.5
H7323,3.5
H7326,4
H7355,Plan too new to be measured
H7379,4
H7389,2.5
H7397,Plan too new to be measured
H7435,Plan too new to be measured
H7464,3.5
H7471,Plan too new to be measured
H7511,Not enough data available
H7512,Not enough data available
H7518,3
H7522,Not enough data available
H7524,Not enough data available
H7557,Not enough data available
H7598,Not enough data available
H7605,4
H7607,4
H7617,4.5
H7620,Plan too new to be measured
H7635,Plan too new to be measured
H7670,4.5
H7678,3.5
H7680,4.5
H7710,Plan too new to be measured
H7766,Plan too new to be measured
H7779,4.5
H7787,4
H7813,Not enough data available
H7849,3
H7917,4
H7980,Plan too new to be measured
H7993,5
H8003,4
H8010,4.5
H8051,Plan too new to be measured
H8067,Not enough data available
H8070,3.5
H8093,5
H8095,Not enough data available
H8121,Not enough data available
H8133,3.5
H8142,4
H8145,3.5
H8166,4
H8173,3.5
H8176,3.5
H8181,3
H8189,3.5
H8211,3
H8212,Plan too new to be measured
H8298,4
H8320,Plan too new to be measured
H8330,3.5
H8332,4.5
H8379,3.5
H8385,4.5
H8390,Not enough data available
H8432,3.5
H8457,Not enough data available
H8481,Plan too new to be measured
H8492,Not enough data available
H8547,3.5
H8552,2.5
H8554,3.5
H8578,3
H8597,3.5
H8604,3.5
H8634,3
H8649,3.5
H8711,Not enough data available
H8764,3
H8768,3.5
H8783,4
H8794,4
H8797,Not enough data available
H8832,Plan too new to be measured
H8845,Not enough data available
H8849,3.5
H8854,3.5
H8879,Plan too new to be measured
H8889,3.5
H8894,3
H8902,Not enough data available
H8908,3
H8917,Plan too new to be measured
H8928,4
H8947,4.5
H8967,Not enough data available
H9001,4
H9003,4
H9042,3.5
H9047,4
H9065,3.5
H9066,Not enough data available
H9096,3.5
H9147,3.5
H9153,3
H9179,4.5
H9191,4.5
H9207,3.5
H9219,Not Applicable
H9231,3.5
H9306,3.5
H9314,Plan too new to be measured
H9326,Plan too new to be measured
H9364,3.5
H9387,2.5
H9412,Not enough data available
H9431,3
H9460,3
H9485,4
H9489,Not enough data available
H9525,3.5
H9572,4.5
H9589,Not enough data available
H9590,5
H9615,3.5
H9623,Plan too new to be measured
H9630,3.5
H9678,3
H9686,5
H9690,Not enough data available
H9699,3
H9700,Plan too new to be measured
H9706,2.5
H9725,4
H9730,3.5
H9771,Plan too new to be measured
H9802,Plan too new to be measured
H9808,4.5
H9811,Not enough data available
H9826,Not enough data available
H9827,Not enough data available
H9834,4
H9884,4.5
H9888,3.5
H9904,4
H9907,4
H9909,Not enough data available
H9916,Plan too new to be measured
H9917,Not enough data available
H9942,5
H9955,3
H9968,Plan too new to be measured
H9977,Plan too new to be measured
H9986,Not enough data available
R0110,3.5
R0759,3.5
R1532,2.5
R2604,4
R3175,Not Applicable
R3444,3
R4182,3.5
R5342,Not Applicable
R5361,3
R5826,3.5
R5941,3.5
R6694,4
R6801,3.5
R7220,2.5
R7444,3.5
S0262,Not Applicable
S0375,Not Applicable
S0586,Not Applicable
S1030,Not Applicable
S1140,Not Applicable
S1822,Not Applicable
S2135,Not Applicable
S2468,Not Applicable
S2893,Not Applicable
S3285,Not Applicable
S3389,Not Applicable
S3521,Not Applicable
S3875,Not Applicable
S3994,Not Applicable
S4501,Not Applicable
S4802,Not Applicable
S4983,Not Applicable
S5450,Not Applicable
S5540,Not Applicable
S5584,Not Applicable
S5593,Not Applicable
S5596,Not Applicable
S5601,Not Applicable
S5609,Not Applicable
S5617,Not Applicable
S5660,Not Applicable
S5715,Not Applicable
S5726,Not Applicable
S5743,Not Applicable
S5795,Not Applicable
S5805,Not Applicable
S5820,Not Applicable
S5857,Not Applicable
S5877,Not Applicable
S5884,Not Applicable
S5904,Not Applicable
S5916,Not Applicable
S5921,Not Applicable
S5953,Not Applicable
S5960,Not Applicable
S5966,Not Applicable
S5975,Not Applicable
S5993,Not Applicable
S6875,Not Applicable
S6939,Not Applicable
S8067,Not Applicable
S8841,Not Applicable
S9701,Not Applicable
